name,name,name
Mumbai,Maharashtra,India
Pune,Maharashtra,India
Hyderabad,Telangana,India
Jaisalmer,Rajasthan,India
Chennai,Tamil Nadu,India
Bengaluru,Karnataka,India
Kolkata,West Bengal,India
Agra,Uttar Pradesh,India
Ludhiana,Punjab,India
Varanasi,Uttar Pradesh,India
Shimla,Himachal Pradesh,India
Munnar,Kerala,India
Ramnagar,Uttarakhand,India
Thumukunta,Telangana,India
Haridwar,Uttarakhand,India
Aamby Valley,Maharashtra,India
Dalhousie,Himachal Pradesh,India
Shoghi,Himachal Pradesh,India
Gurgaon,Haryana,India
Cochin,Kerala,India
Neeleshwar,Kerala,India
Balaramapuram,Kerala,India
Mararikulam,Kerala,India
Kumarakom,Kerala,India
Arpora,Goa,India
New Delhi,Delhi,India
Canacona,Goa,India
Ganpatipule,Maharashtra,India
Consua,Goa,India
Pondicherry,Pondicherry,India
Baga,Goa,India
Srinagar,Jammu And Kashmir,India
Ahmedabad,Gujarat,India
Mysore,Karnataka,India
Udaipur,Rajasthan,India
Candolim,Goa,India
Zirakpur,Punjab,India
Coimbatore,Tamil Nadu,India
Bodh Gaya,Bihar,India
Alsisar,Rajasthan,India
Ajabgarh,Rajasthan,India
Sawai Madhopur,Rajasthan,India
Jodhpur,Rajasthan,India
Aurangabad,Maharashtra,India
Gandhidham,Gujarat,India
Ajmer,Rajasthan,India
Katra,Jammu And Kashmir,India
Bahadrabad,Uttarakhand,India
Madikeri,Karnataka,India
Varkala,Kerala,India
Narendranagar,Uttarakhand,India
Chowara,Kerala,India
Almora,Uttarakhand,India
Pushkar,Rajasthan,India
Kanyakumari,Tamil Nadu,India
Alur,Goa,India
Anjuna,Goa,India
Wandoor,Andaman And Nicobar Islands,India
Jaipur,Rajasthan,India
Rikhnikhal,Uttarakhand,India
Dhela,Uttarakhand,India
Diveagar,Goa,India
Panjim,Goa,India
Bundi,Uttarakhand,India
Amritsar,Punjab,India
Calangute,Goa,India
Thiruvananthapuram,Kerala,India
Aymanam,Kerala,India
Siridao,Goa,India
Alleppey,Kerala,India
Mukki,Madhya Pradesh,India
Manali,Himachal Pradesh,India
Mandrem,Goa,India
Nakodar,Punjab,India
Lucknow,Uttar Pradesh,India
Bathinda,Punjab,India
Visakhapatnam,Andhra Pradesh,India
Baddi,Himachal Pradesh,India
Jalandhar,Punjab,India
Kakinada,Andhra Pradesh,India
Tirupati,Andhra Pradesh,India
Surat,Gujarat,India
Chinnakanal,Kerala,India
Bikaner,Rajasthan,India
Nainital,Uttarakhand,India
Mamallapuram,Tamil Nadu,India
Panchgani,Maharashtra,India
Vypin,Kerala,India
Margao,Goa,India
Mapusa,Goa,India
Mahabaleshwar,Maharashtra,India
Mathura,Uttar Pradesh,India
Ooty,Tamil Nadu,India
Bajaura,Uttarakhand,India
Kodaikanal,Tamil Nadu,India
Kukas,Rajasthan,India
Vellimon,Kerala,India
Gandhinagar,Gujarat,India
Neemrana,Rajasthan,India
Sam,Rajasthan,India
Nashik,Maharashtra,India
Thekkady,Kerala,India
Porvorim,Goa,India
Pernem,Goa,India
Vagator,Goa,India
Thane,Maharashtra,India
Vagamon,Kerala,India
Kausani,Uttarakhand,India
Chomu,Rajasthan,India
Bhiwadi,Rajasthan,India
Sriperumbudur,Tamil Nadu,India
Lonavala,Maharashtra,India
Pimpri,Maharashtra,India
Hubli,Karnataka,India
Bareilly,Uttar Pradesh,India
Noida,Uttar Pradesh,India
Gadigarpalya,Karnataka,India
Ghaziabad,Delhi,India
Auli,Uttarakhand,India
Dhikuli,Uttarakhand,India
Gangtok,Sikkim,India
Kanatal,Uttarakhand,India
Mandla,Madhya Pradesh,India
Rajsamand,Rajasthan,India
Masinagudi,Tamil Nadu,India
Mussoorie,Uttarakhand,India
Nawalgarh,Rajasthan,India
Poovar,Kerala,India
Virajpet,Karnataka,India
Pollachi,Tamil Nadu,India
Leh,Jammu And Kashmir,India
Thavarekere,Karnataka,India
Indore,Madhya Pradesh,India
Bhopal,Madhya Pradesh,India
Khalumbre,Maharashtra,India
Wayanad,Kerala,India
Greater Noida,Uttar Pradesh,India
Guwahati,Assam,India
Rameshwaram,Tamil Nadu,India
Darjeeling,West Bengal,India
Shahjahanpur,Rajasthan,India
Nerul,Goa,India
Devgarh,Rajasthan,India
Mulligoor,Tamil Nadu,India
Tiswadi,Goa,India
Haldwani,Uttarakhand,India
Deoghar,Rajasthan,India
Rishikesh,Uttarakhand,India
Dharamsala,Himachal Pradesh,India
Cavelossim,Goa,India
Mollem,Goa,India
Benaulim,Goa,India
Kalimpong,West Bengal,India
Khajuraho,Madhya Pradesh,India
Faridabad,Haryana,India
Thanjavur,Tamil Nadu,India
Asansol,West Bengal,India
Chail,Himachal Pradesh,India
Kathgodam,Uttarakhand,India
Luni,Rajasthan,India
Khejarla,Rajasthan,India
Hinjawadi,Maharashtra,India
Jammu,Jammu And Kashmir,India
Udupi,Karnataka,India
Madurai,Tamil Nadu,India
Dahej,Gujarat,India
Vapi,Gujarat,India
Rajkot,Gujarat,India
Sidhrawali,Haryana,India
Howrah,West Bengal,India
Port Blair,Andaman And Nicobar Islands,India
Navi Mumbai,Maharashtra,India
Dehradun,Uttarakhand,India
Vadodara,Gujarat,India
Bhimtal,Uttarakhand,India
Gajner,Rajasthan,India
Kufri,Himachal Pradesh,India
Bhavnagar,Gujarat,India
Rudrapur,Uttarakhand,India
Jamshedpur,Jharkhand,India
Mangalore,Karnataka,India
Murud,Maharashtra,India
Panchkula,Haryana,India
Ranchi,Jharkhand,India
Vasai,Maharashtra,India
Shirdi,Maharashtra,India
Salem,Tamil Nadu,India
Tiruchirappalli,Tamil Nadu,India
Pahalgam,Jammu And Kashmir,India
Binsar,Uttarakhand,India
Suryanelli,Kerala,India
Yercaud,Tamil Nadu,India
Kanchipuram,Tamil Nadu,India
Vellore,Tamil Nadu,India
Thiruthani,Tamil Nadu,India
Korampallam,Tamil Nadu,India
Hospet,Karnataka,India
Cansaulim,Goa,India
Shillim,Maharashtra,India
Alwar,Rajasthan,India
Mahindra World City,Tamil Nadu,India
Chandigarh,Punjab,India
Roorkee,Uttarakhand,India
Mathilil,Kerala,India
Secunderabad,Andhra Pradesh,India
Kottayam,Kerala,India
Raipur,Chhattisgarh,India
Bharatpur,Rajasthan,India
Mandawa,Rajasthan,India
Gaya,Bihar,India
Angamaly,Kerala,India
Siliguri,West Bengal,India
Lansdowne,Uttarakhand,India
Dwarka,Gujarat,India
Allahabad,Uttar Pradesh,India
Gulmarg,Jammu And Kashmir,India
Tiruvannamalai,Tamil Nadu,India
Valparai,Tamil Nadu,India
Bhubaneswar,Odisha,India
Patna,Bihar,India
Aligarh,Uttar Pradesh,India
Chakan,Maharashtra,India
Tattapani,Himachal Pradesh,India
Konarka,Kerala,India
Ramgarh,Rajasthan,India
Jabalpur,Madhya Pradesh,India
Kullu,Himachal Pradesh,India
Amer,Rajasthan,India
Hassan,Karnataka,India
Mount Abu,Rajasthan,India
Kumbalgod,Tamil Nadu,India
Toranagallu,Karnataka,India
Phaltan,Maharashtra,India
Betul,Goa,India
Govardhan,Uttar Pradesh,India
Malayattur,Goa,India
Thrissur,Kerala,India
Palakkad,Kerala,India
Vaikom,Kerala,India
Utorda,Goa,India
Khanvel,Dadra And Nagar Haveli,India
Hampi,Karnataka,India
Ponmudi,Kerala,India
Sultan Bathery,Kerala,India
Kannur,Kerala,India
Arayabhavu,Kerala,India
Idukki,Kerala,India
Yelagiri,Tamil Nadu,India
Coonoor,Tamil Nadu,India
Siolim,Goa,India
Attibele,Karnataka,India
Morjim,Goa,India
Bori,Andhra Pradesh,India
Pali,Rajasthan,India
Nagpur,Maharashtra,India
Nuvem,Goa,India
Rajula,Gujarat,India
Ankleshwar,Gujarat,India
Silvassa,Dadra And Nagar Haveli,India
Anand,Gujarat,India
Talat,Madhya Pradesh,India
Ranakpur,Rajasthan,India
Kanpur,Uttar Pradesh,India
Kumbakonam,Tamil Nadu,India
Gopalpur,Odisha,India
Rourkela,Odisha,India
Guruvayur,Kerala,India
Lavasa,Maharashtra,India
Ranipet,Tamil Nadu,India
Velankanni,Tamil Nadu,India
Parwanoo,Himachal Pradesh,India
Herbertabad,Andaman And Nicobar Islands,India
Lachen,Uttarakhand,India
Vrindavan,Uttar Pradesh,India
Sangli,Maharashtra,India
Manjakuppam,Pondicherry,India
Velha Goa,Goa,India
Mysuru,Karnataka,India
Varca,Goa,India
Kota,Rajasthan,India
Kuttikkanam,Kerala,India
Sonipat,Haryana,India
Panna,Madhya Pradesh,India
Sirvoi,Goa,India
Durgapur,West Bengal,India
Turiya,Madhya Pradesh,India
Polem,Karnataka,India
Gurdaspur,Punjab,India
Muhamma,Kerala,India
Sonamarg,Jammu And Kashmir,India
Athirappilly,Kerala,India
Antharasanthe,Karnataka,India
Bhuj,Gujarat,India
Garhwal,Uttarakhand,India
Chittorgarh,Rajasthan,India
Pachmarhi,Madhya Pradesh,India
Shivamogga,Karnataka,India
Puri,Odisha,India
Paduvari,Karnataka,India
Samode,Rajasthan,India
Kolhapur,Maharashtra,India
Bhasmehr,Himachal Pradesh,India
Chamba,Himachal Pradesh,India
Jwalapur,Uttarakhand,India
Karwar,Karnataka,India
Namchi,Sikkim,India
Khandala,Maharashtra,India
Kasauli,Himachal Pradesh,India
Changanassery,Kerala,India
Dhanachuli,Uttarakhand,India
Kumguri,Rajasthan,India
Vasco da Gama,Goa,India
Junagadh,Gujarat,India
Gondia,Maharashtra,India
Kozhikode,Kerala,India
Chikkamagaluru,Karnataka,India
Vettutura,Andhra Pradesh,India
Daman,Daman And Diu,India
Jharol,Rajasthan,India
Hunsur,Karnataka,India
Bekal,Kerala,India
Orchha,Madhya Pradesh,India
Kollam,Kerala,India
Karur,Tamil Nadu,India
Kishangarh,Rajasthan,India
Chandan,Rajasthan,India
Marchula,Uttarakhand,India
Suntikoppa,Karnataka,India
Bandipur,Karnataka,India
Saligao,Goa,India
Bandhavgarh,Madhya Pradesh,India
Alipur,Delhi,India
Shilon Bagh,Himachal Pradesh,India
Shivpuri,Uttarakhand,India
Kohka,Madhya Pradesh,India
Gujjadi,Karnataka,India
Mandarmani,West Bengal,India
Baghdogra,Assam,India
Barar,Rajasthan,India
Malvan,Maharashtra,India
Khatia,Madhya Pradesh,India
Gwalior,Madhya Pradesh,India
Aauwa,Rajasthan,India
Pauri,Uttarakhand,India
Kodungallur,Kerala,India
Tiruppur,Tamil Nadu,India
Karaikudi,Tamil Nadu,India
Kanadukattan,Tamil Nadu,India
Kangra,Himachal Pradesh,India
Khilchipur,Rajasthan,India
Palampur,Himachal Pradesh,India
Azhinjilam,Kerala,India
Gund,Jammu And Kashmir,India
Chorla,Goa,India
Wakad,Maharashtra,India
Kargil,Jammu And Kashmir,India
Bambolim,Goa,India
Beach Resort,Goa,India
Goa,Goa,India
Agartala,Tripura,India
Ahor,Rajasthan,India
Amayan,Madhya Pradesh,India
Amravati,Maharashtra,India
Angul,Odisha,India
Arambol,Goa,India
Asangaon,Maharashtra,India
Assagao,Goa,India
Kesroli,Rajasthan,India
Bahadurgarh,Haryana,India
Bahraich,Uttar Pradesh,India
Balasore,Odisha,India
Balidiha,Maharashtra,India
Bardez,Goa,India
Barli,Rajasthan,India
Barmer,Rajasthan,India
Namakkal,Tamil Nadu,India
Bhagalpur,Bihar,India
Bharuch,Gujarat,India
Bhilwara,Rajasthan,India
Bijainagar,Rajasthan,India
Bilaspur,Himachal Pradesh,India
Bolpur,West Bengal,India
Chandil,Jharkhand,India
Chandipur,Odisha,India
Chanod,Gujarat,India
Chhindwara,Madhya Pradesh,India
Chiplun,Maharashtra,India
Covelong,Tamil Nadu,India
Cuttack,Odisha,India
Dabolim,Goa,India
Dandeli,Karnataka,India
Darbhanga,Bihar,India
Davangere,Karnataka,India
Devanahalli,Karnataka,India
Pottankad,Kerala,India
Dewas,Madhya Pradesh,India
Dhanbad,Jharkhand,India
Dhand,Kerala,India
Dhanwar,Jharkhand,India
Dharapuram,Tamil Nadu,India
Dharwad,Karnataka,India
Dholpur,Rajasthan,India
Dhule,Maharashtra,India
Digha,West Bengal,India
Dimapur,Nagaland,India
Dindigul,Tamil Nadu,India
Balaghat,Madhya Pradesh,India
Elanthoor,Kerala,India
Electronics City,Karnataka,India
Eramalloor,Kerala,India
Erode,Tamil Nadu,India
Giridih,Jharkhand,India
Hanumangarh,Rajasthan,India
Haridaspur,Odisha,India
Haripur,West Bengal,India
Hisar,Haryana,India
Kazaragod,Kerala,India
Hoshiarpur,Punjab,India
Hoskote,Karnataka,India
Hundar,Jammu And Kashmir,India
Igatpuri,Maharashtra,India
Irugur,Tamil Nadu,India
Itanagar,Arunachal Pradesh,India
Jagadhri,Haryana,India
Jalgaon,Maharashtra,India
Jamnagar,Gujarat,India
Jhalamand,Rajasthan,India
Jharsuguda,Odisha,India
Junga,Himachal Pradesh,India
Viluppuram,Tamil Nadu,India
Kalapet,Pondicherry,India
Kalpetta,Kerala,India
Kalwara,Rajasthan,India
Kandur,Karnataka,India
Kanha,Madhya Pradesh,India
Karli,Maharashtra,India
Karnal,Haryana,India
Karumattampatti,Tamil Nadu,India
Katihar,Bihar,India
Kaza,Himachal Pradesh,India
Kazhakuttam,Kerala,India
Kelambakkam,Tamil Nadu,India
Khandwa,Madhya Pradesh,India
Khawasa,Madhya Pradesh,India
Khed,Maharashtra,India
Kheda,Gujarat,India
Khopoli,Karnataka,India
Kiar,Maharashtra,India
Kolthare,Maharashtra,India
Kolvan,Maharashtra,India
Ernakulam,Kerala,India
Kotdwara,Uttarakhand,India
Kovalam,Kerala,India
Kundal,Maharashtra,India
Kuri,Uttar Pradesh,India
Kushalnagar,Karnataka,India
Kutiatodu,Kerala,India
Lachung,Uttar Pradesh,India
Lanja,Maharashtra,India
Lavale,Maharashtra,India
Loutolim,Goa,India
Mahad,Maharashtra,India
Mandi,Himachal Pradesh,India
Mandor,Rajasthan,India
Manesar,Haryana,India
Manimala,Kerala,India
Matheran,Maharashtra,India
Medinipur,West Bengal,India
Meerut,Uttar Pradesh,India
Miraj,Maharashtra,India
Mirik,West Bengal,India
Mogra,Rajasthan,India
Mohania,Bihar,India
Moradabad,Uttar Pradesh,India
Morbi,Gujarat,India
Mulana,Bihar,India
Munsiari,Uttarakhand,India
Murthal,Delhi,India
Nagar,Himachal Pradesh,India
Nagchala,Himachal Pradesh,India
Narnaul,Haryana,India
Naya Bazar,Sikkim,India
Nelamangala,Karnataka,India
Nileshwar,Kerala,India
Dwarika,Odisha,India
Okha,Gujarat,India
Palwal,Haryana,India
Panipat,Haryana,India
Panvel,Maharashtra,India
Parli Vaijnath,Rajasthan,India
Patiala,Punjab,India
Payyannur,Kerala,India
Pemayangtse,Himachal Pradesh,India
Pelling,Sikkim,India
Perambalur,Tamil Nadu,India
Kalka,Haryana,India
Pokhran,Rajasthan,India
La Maison Tamoule,Pondicherry,India
Porbandar,Gujarat,India
Pudukkottai,Tamil Nadu,India
Rajahmundry,Karnataka,India
Ranikhet,Uttarakhand,India
Ranjangaon,Maharashtra,India
Ratlam,Madhya Pradesh,India
Ratnagiri,Maharashtra,India
Razole,Andhra Pradesh,India
Renigunta,Andhra Pradesh,India
Rewari,Haryana,India
Saharanpur,Uttar Pradesh,India
Samayapuram,Tamil Nadu,India
Sambalpur,Odisha,India
Sangolda,Goa,India
Sarkhej,Gujarat,India
Satara,Maharashtra,India
Sembatti,Tamil Nadu,India
Sethumadai,Tamil Nadu,India
Shahpura,Rajasthan,India
Shahpur Begu,Haryana,India
Shamirpet,Telangana,India
Santiniketan,West Bengal,India
Sheva,Maharashtra,India
Singtam,Sikkim,India
Somnath,Gujarat,India
Umaria,Madhya Pradesh,India
Tapovan,Uttarakhand,India
Tellicherry,Kerala,India
Tenali,Andhra Pradesh,India
Tezpur,Assam,India
Tinsukia,Assam,India
Tirumeshi,Tamil Nadu,India
Tiruvalla,Kerala,India
Turavur,Kerala,India
Tuticorin,Tamil Nadu,India
Udhampur,Jammu And Kashmir,India
Ujjain,Madhya Pradesh,India
Una,Himachal Pradesh,India
Vadippatti,Tamil Nadu,India
Vallam,Tamil Nadu,India
Vythiri,Kerala,India
Panaji,Goa,India
Karsiyang,Delhi,India
Devprayag,Uttarakhand,India
Udasar,Rajasthan,India
Diu,Gujarat,India
Hatikhuli,Assam,India
Mohurli,Punjab,India
Alto Porvorim,Goa,India
Srungavarapukota,Andhra Pradesh,India
Balangir,Odisha,India
Pathankot,Punjab,India
Solapur,Maharashtra,India
Harnatanr,Bihar,India
Bera,Jharkhand,India
Batoti,Jammu And Kashmir,India
Kaduturutti,Kerala,India
Gudalur,Tamil Nadu,India
Tiruchchirappalli,Tamil Nadu,India
Jhansi,Uttar Pradesh,India
Trivandrum,Kerala,India
Kulan,Jammu And Kashmir,India
Vasco Da Gama,Goa,India
Dagshai,Himachal Pradesh,India
Colva,Goa,India
Hosur,Tamil Nadu,India
Sasan,Gujarat,India
Kagdari,Gujarat,India
Ghansoli,Maharashtra,India
Pallipuram,Kerala,India
Salawas,Rajasthan,India
Kaladi,Kerala,India
Trimbak,Maharashtra,India
Shushot,Jammu And Kashmir,India
Kovillur,Tamil Nadu,India
Kottagudi,Tamil Nadu,India
Khapri,Maharashtra,India
Dhampur,Uttar Pradesh,India
Matiana,Himachal Pradesh,India
Kanthalloor,Kerala,India
Trichur,Kerala,India
Agonda,Goa,India
Tariyod,Kerala,India
Mananthavady,Kerala,India
Thirunelli,Kerala,India
Palani,Tamil Nadu,India
Theni,Tamil Nadu,India
Muvattupuzha,Kerala,India
Mahabalipuram,Tamil Nadu,India
Kupand,Odisha,India
Bikkatti,Tamil Nadu,India
Gangiwara,Madhya Pradesh,India
Pirmed,Delhi,India
Kharsali,Uttarakhand,India
Tarapith,West Bengal,India
Kiluparamba,Kerala,India
Osmanabad,Maharashtra,India
Bhayandar,Maharashtra,India
Kundapur,Karnataka,India
Mukteshwar,Uttarakhand,India
Kukatpalli,Telangana,India
Alipur Duar,West Bengal,India
Rishop,West Bengal,India
Lataguri,West Bengal,India
Patnem,Goa,India
Nadiad,Gujarat,India
Vaduvanchal,Kerala,India
Somvarpet,Karnataka,India
Srirangam,Tamil Nadu,India
Dhanaulti,Uttarakhand,India
Palolem,Goa,India
Durg,Chhattisgarh,India
Bijni,Assam,India
Chham,Sikkim,India
Gupta Kashi,Uttarakhand,India
Barkot,Uttarakhand,India
Spangmik,Jammu And Kashmir,India
Santhanpara,Kerala,India
Cola,Kerala,India
Punnappira,Kerala,India
Koynanagar,Maharashtra,India
Tambaram,Tamil Nadu,India
Bhimashankar,Maharashtra,India
Ramanathapuram,Tamil Nadu,India
Cherai Beach,Kerala,India
Ahmednagar,Maharashtra,India
Arantangi,Tamil Nadu,India
Ratria,Madhya Pradesh,India
Shamshabad,Andhra Pradesh,India
Gosaba,West Bengal,India
Dona Paula,Goa,India
Chengalpattu,Tamil Nadu,India
Cheruthuruthi,Kerala,India
Kapkot,Uttarakhand,India
Maraiyur,Kerala,India
Ravangla,Sikkim,India
Ganganagar,Punjab,India
Garjia,Uttarakhand,India
Wodapatti,Tamil Nadu,India
Kudal,Maharashtra,India
Pattanapuram,Kerala,India
Bhiwandi,Maharashtra,India
Nedumbassery,Kerala,India
Edapalli,Kerala,India
Gonikoppal,Karnataka,India
Amboli,Maharashtra,India
Jhajra,Uttarakhand,India
Devikolam,Kerala,India
Dadahu,Himachal Pradesh,India
Hingoli,Maharashtra,India
Pituk,Jammu And Kashmir,India
Chandio,Punjab,India
Dibrugarh,Assam,India
Ambikapur,Chhattisgarh,India
Diwanganj,Uttar Pradesh,India
Surajgarh,Rajasthan,India
Krishnanagar,West Bengal,India
Havelock Island,Andaman And Nicobar Islands,India
Vellayani,Kerala,India
Dedha,Delhi,India
Ambala,Haryana,India
Bhalukpong,Arunachal Pradesh,India
Cormonem,Goa,India
Bhowali,Uttarakhand,India
Solan,Himachal Pradesh,India
Haldia,West Bengal,India
Kizhake Chalakudi,Kerala,India
Navalur,Tamil Nadu,India
Betalbatim,Goa,India
Parra,Goa,India
Belgaum,Karnataka,India
McLeod Ganj,Himachal Pradesh,India
Ellora,Maharashtra,India
Paradip,Odisha,India
Nemmara,Kerala,India
Satabhaya,Manipur,India
Taloje,Maharashtra,India
Dapoli,Maharashtra,India
Kandaghat,Himachal Pradesh,India
Shoranur,Kerala,India
Majorda,Goa,India
Badshahpur,Haryana,India
Manipala,Karnataka,India
Bhandara,Maharashtra,India
Chhapar,Rajasthan,India
Bandanwara,Rajasthan,India
Begun,Rajasthan,India
Dariawad,Rajasthan,India
Meenangadi,Kerala,India
Uruli Kanchan,Maharashtra,India
Bilona,Rajasthan,India
Sultanpur,Uttar Pradesh,India
Kashipur,Uttarakhand,India
Gijgarh,Rajasthan,India
Mannarakkat,Kerala,India
Mendarda,Gujarat,India
Srikalahasti,Andhra Pradesh,India
Kumai,Bihar,India
Wadhiware,Maharashtra,India
Ichalkaranji,Maharashtra,India
Dharuhera,Haryana,India
Jajal,Uttarakhand,India
Kalikavu,Kerala,India
Auroville,Tamil Nadu,India
Varagampadi,Kerala,India
Kotagiri,Tamil Nadu,India
Belur,Tamil Nadu,India
Khadoli,Dadra And Nagar Haveli,India
Chegat,Bihar,India
Basari,Madhya Pradesh,India
Balesar,Rajasthan,India
Joshimath,Uttarakhand,India
Phalodi,Rajasthan,India
Singapperumalkovil,Tamil Nadu,India
Pathanamthitta,Kerala,India
Shimoga,Karnataka,India
Shitlakhet,Uttarakhand,India
Oragadam,Tamil Nadu,India
Rajgarh,Madhya Pradesh,India
Ramakkalmedu,Kerala,India
Thattekkadu,Kerala,India
Chandoli,Maharashtra,India
Forbesganj,Bihar,India
Durgjan,Jammu And Kashmir,India
Alibag,Maharashtra,India
Mulki,Karnataka,India
Yamunanagar,Haryana,India
Beawar,Rajasthan,India
Rajpur,Uttar Pradesh,India
Tirunelveli,Tamil Nadu,India
Kakankote,Karnataka,India
Thiruporur,Tamil Nadu,India
Daulatabad,Maharashtra,India
Anantapur,Andhra Pradesh,India
Suratakal,Kerala,India
Bandhogarh Fort,Rajasthan,India
Lagma,Bihar,India
Kalasa,Karnataka,India
Marna,Karnataka,India
Uttarkashi,Uttarakhand,India
Bhilai,Chhattisgarh,India
Jaisamand,Rajasthan,India
Orai,Uttar Pradesh,India
Losar,Himachal Pradhesh,India
Jambughoda,Gujarat,India
Karad,Maharashtra,India
Aguada,Goa,India
Zarvar,Maharashtra,India
Belkhar,Maharashtra,India
Uttamapalaiyam,Tamil Nadu,India
Bedla,Rajasthan,India
Kaziranga,Assam,India
Jorhat,Assam,India
Dod Ballapur,Karnataka,India
Nagercoil,Tamil Nadu,India
Manikaran,Himachal Pradesh,India
Andheri,Maharashtra,India
Vandanmedu,Kerala,India
Kanagari,Kerala,India
Maheshwar,Madhya Pradesh,India
Kolattupuzha,Kerala,India
Kappad,Kerala,India
Bir,Himachal Pradesh,India
kumbalam,Kerala,India
Kumta,Karnataka,India
Dausa,Rajasthan,India
Khabha,Rajasthan,India
Gorakhpur,Uttar Pradesh,India
Dam Dim,West Bengal,India
Krishnagiri,Tamil Nadu,India
Kunnamkulam,Kerala,India
Karnala,Maharashtra,India
Perintalmanna,Kerala,India
Kumbhalgarh,Rajasthan,India
Perumpavur,Kerala,India
Ambalapulai,Kerala,India
Virani,Maharashtra,India
Sabathu,Himachal Pradesh,India
Chaumu,Rajasthan,India
Kharakvasla,Maharashtra,India
Madgaon,Goa,India
Saputara,Gujarat,India
Perumkulam,Kerala,India
Sikar,Rajasthan,India
Adur,Karnataka,India
Nawanshahr,Punjab,India
Tota Am,Punjab,India
Juliasar,Rajasthan,India
Sanganer,Rajasthan,India
Singrauli,Madhya Pradesh,India
Kherwara,Rajasthan,India
Manjeri,Kerala,India
Saidapet,Tamil Nadu,India
Satej,Maharashtra,India
Dahegam,Gujarat,India
Rudraprayag,Uttarakhand,India
Rinchenpong,Sikkim,India
Behror,Rajasthan,India
Lambana,Rajasthan,India
Guhagar,Maharashtra,India
Rajapalaiyam,Tamil Nadu,India
Chitradurga,Karnataka,India
Shamshi,Himachal Pradesh,India
Kolakambe,Tamil Nadu,India
Sattur,Tamil Nadu,India
Samalkha,Haryana,India
Talegaon Dabhade,Maharashtra,India
Alandurai,Tamil Nadu,India
Kapurwahal,Maharashtra,India
Sanchi,Madhya Pradesh,India
Carmona,Goa,India
Mayiladuthurai,Tamil Nadu,India
Belparao,Maharashtra,India
Srimangala,Karnataka,India
Ambalavayal,Kerala,India
Valsad,Gujarat,India
Sohna,Haryana,India
Raisan Bagh,Himachal Pradesh,India
Chauk,Chhattisgarh,India
Goalpara,Assam,India
Vandiperiyar,Kerala,India
Shalamar,Kolkata,India
Bordi,Maharashtra,India
Abu Road,Rajasthan,India
Perumanseri,Kerala,India
Amarnath,Jammu And Kashmir,India
Gokarna,Karnataka,India
Deolali,Maharashtra,India
Kalol,Gujarat,India
Raichak,West Bengal,India
Tarangambadi,Tamil Nadu,India
Bagar,Rajasthan,India
Nahan,Himachal Pradesh,India
Daund,Maharashtra,India
Nagin Bagh,Jammu And Kashmir,India
Sudarbal,Jammu And Kashmir,India
Shikrapur,Maharashtra,India
Nimu,Jammu And Kashmir,India
Parbhani,Maharashtra,India
Shogi,Himachal Pradesh,India
Balrampur,Uttar Pradesh,India
Corgao,Goa,India
Devrukh,Maharashtra,India
Whitefield,Karnataka,India
Malad,Maharashtra,India
Vijayawada,Andhra Pradesh,India
Ghatkopar,Maharashtra,India
Kurnool,Andhra Pradesh,India
Calicut,Kerala,India
Indirapuram,Delhi,India
Koparpada,Maharashtra,India
Kalamboli,Maharashtra,India
Kasol,Himachal Pradesh,India
Warangal,Andhra Pradesh,India
Chengel,West Bengal,India
Thakurpukur,Kolkata,India
Bilqisganj,Rajasthan,India
Jhirna,Uttar Pradesh,India
Faizabad,Uttar Pradesh,India
Pedda Ambarpet,Telangana,India
Vilinjam,Kerala,India
Rani Pokhri,Uttarakhand,India
Gangapur,Odisha,India
Sanand,Gujarat,India
Paravur,Kerala,India
Kollengode,Kerala,India
Jalpaiguri,West Bengal,India
Gorubathan,West Bengal,India
Muttam,Kerala,India
Attingal,Kerala,India
Bageshwar,Uttarakhand,India
Keonjhargarh,Odisha,India
Chhatarpur,Madhya Pradesh,India
Chittoor,Andhra Pradesh,India
Changanacheri,Kerala,India
Angadipuram,Kerala,India
Narainpur,Uttar Pradesh,India
Eklingji,Rajasthan,India
Nilambur,Kerala,India
Shillong,Meghalaya,India
Wankaner,Gujarat,India
Malegaon,Maharashtra,India
Mattanur,Kerala,India
Hodal,Haryana,India
Rajgir,Bihar,India
Khairla,Rajasthan,India
Badami,Karnataka,India
Sri Niketan,West Bengal,India
Kihim,Maharashtra,India
Amargarh,Punjab,India
Chidambaram,Tamil Nadu,India
Dabok,Rajasthan,India
Bap,Rajasthan,India
Nindakara,Kerala,India
Korba,Chhattisgarh,India
Revadanda,Maharashtra,India
Samba,Jammu And Kashmir,India
Kuttattukulam,Kerala,India
Kallar,Tamil Nadu,India
Kalyan,Maharashtra,India
Titwala,Maharashtra,India
Falakata,West Bengal,India
Kayamkulam,Kerala,India
Rohtak,Haryana,India
Dispur,Assam,India
Courtallam,Tamil Nadu,India
Vaithisvarankoil,Tamil Nadu,India
Jalna,Maharashtra,India
Rawal,Punjab,India
Takdah,West Bengal,India
Puttaparthi,Andhra Pradesh,India
Parasi,Uttar Pradesh,India
Samsing,Nepal,India
Chopdem,Goa,India
Sahara,Delhi,India
Neil Island,Andaman And Nicobar Islands,India
Bandra,Maharashtra,India
Shantiniketan,West Bengal,India
Muzaffarpur,Bihar,India
Sitapur,Uttar Pradesh,India
Pithoragarh,Uttarakhand,India
Malgund,Maharashtra,India
Nagaur,Rajasthan,India
Thodupuzha,Kerala,India
Chandrapur,Maharashtra,India
Nedukandam,Kerala,India
Baruipur,West Bengal,India
Kotamangalam,Rajasthan,India
Dalaigaon,Assam,India
Tuljapur,Maharashtra,India
Tanuku,Andhra Pradesh,India
Kalamb,Maharashtra,India
Chandaka,Bhubaneswar,India
Cheruvalli,Kerala,India
Fatehabad,Haryana,India
Aizawl,Mizoram,India
Naorangdesar,Rajasthan,India
Riasi,Jammu And Kashmir,India
Tuni,Andhra Pradesh,India
Bhadrachalam,Andhra Pradesh,India
Chandor,Goa,India
Selarpur,Uttar Pradesh,India
Himatnagar,Gujarat,India
Banjar,Himachal Pradesh,India
Bhogapuram,Andhra Pradesh,India
Sakleshpur,Karnataka,India
Sarima,Chhattisgarh,India
Pataudi,Haryana,India
Vainguinim,Goa,India
Bankli,Rajasthan,India
Seoni,Madhya Pradesh,India
Malout,Punjab,India
Sirohi,Rajasthan,India
Karnaprayag,Uttarakhand,India
Salcete,Goa,India
Duttnager,Himachal Pradesh,India
Madari Hat,West Bengal,India
Rampur,Uttar Pradesh,India
Neora Nadi,West Bengal,India
Bhatkal,Karnataka,India
Jagatsukh,Himachal Pradesh,India
Burnpur,West Bengal,India
Yelahanka,Karnataka,India
Kakkabe,Karnataka,India
Dechu,Rajasthan,India
Gundi,Gujarat,India
Khavda,Gujarat,India
Bhakur,Odisha,India
Mashobra,Himachal Pradesh,India
Shertallai,Kerala,India
Kallana,Kerala,India
Duff Dunbar,Himachal Pradesh,India
Trapaj,Gujarat,India
Guntur,Andhra Pradesh,India
Gokak,Karnataka,India
Gokarn,Karnataka,India
Nathdwara,Rajasthan,India
Palanpur,Gujarat,India
Bhadrak,Odisha,India
Lalitpur,Uttar Pradesh,India
Muzaffarnagar,Uttar Pradesh,India
Raigarh,Chhattisgarh,India
Sagar,Madhya Pradesh,India
Kharsia,Chhattisgarh,India
Srisailamgudem,Andhra Pradesh,India
Eluru,Andhra Pradesh,India
Banda,Uttar Pradesh,India
Jhabua,Madhya Pradesh,India
Churu,Rajasthan,India
Paonta,Himachal Pradesh,India
Pilibhit,Uttar Pradesh,India
Naigaon,Maharashtra,India
Dera,Punjab,India
Datia,Madhya Pradesh,India
Yavatmal,Maharashtra,India
Coorg,Karnataka,India
Murshidabad,West Bengal,India
Lava,West Bengal,India
Manipal,Karnataka,India
Maunath,Uttar Pradesh,India
Amreli,Gujarat,India
Gulbarga,Karnataka,India
Nandurbar,Maharashtra,India
Raigad,Maharashtra,India
Burhanpur,Madhya Pradesh,India
Sagarmp,Madhya Pradesh,India
Buldhana,Maharashtra,India
Khamgaon,Maharashtra,India
Tehri,Uttarakhand,India
Sundarnagar,Himachal Pradesh,India
Bokaro,Jharkhand,India
Jhunjhunu,Rajasthan,India
Malda,West Bengal,India
Surendranagar,Gujarat,India
Bagalkot,Karnataka,India
Basti,Uttar Pradesh,India
Purnia,Bihar,India
Nagapattinam,Tamil Nadu,India
Khammam,Andhra Pradesh,India
Manendragarh,Chhattisgarh,India
Narkanda,Himachal Pradesh,India
Bhusawal,Maharashtra,India
Chamoli,Uttarakhand,India
Abohar,Punjab,India
Karjat,Maharashtra,India
Kurukshetra,Haryana,India
Anandpur Sahib,Punjab,India
Sibsagar,Assam,India
Kasaragod,Kerala,India
Ongole,Andhra Pradesh,India
Purulia,West Bengal,India
Kalpa,Himachal Pradesh,India
Kutch,Gujarat,India
Chakrata,Uttarakhand,India
Sirmaur,Himachal Pradesh,India
Chaukori,Uttarakhand,India
Khatima,Uttarakhand,India
Corbett,Uttarakhand,India
Araku Valley,Andhra Pradesh,India
Shahdol,Madhya Pradesh,India
Fazilka,Punjab,India
Sindhudurg,Maharashtra,India
Sangrur,Punjab,India
Lahaul and Spiti,Himachal Pradesh,India
Sirsa,Haryana,India
Katni,Madhya Pradesh,India
Tikamgarh,Madhya Pradesh,India
Sri Ganganagar,Rajasthan,India
Budaun,Uttar Pradesh,India
Begusarai,Bihar,India
Patnitop,Jammu And Kashmir,India
Sawai,Rajasthan,India
Guna,Madhya Pradesh,India
Neemuch,Madhya Pradesh,India
Moga,Punjab,India
Firozpur,Punjab,India
Kaithal,Haryana,India
Mahesana,Gujarat,India
Kohima,Nagaland,India
Rajpura,Punjab,India
Shegaon,Maharashtra,India
Fatehpur,Uttar Pradesh,India
Rewa,Madhya Pradesh,India
Kinnaur,Himachal Pradesh,India
Etawah,Uttar Pradesh,India
Bunga,Punjab,India
Vadakara,Kerala,India
Hindupur,Andhra Pradesh,India
Malkangiri,Odisha,India
Araria,Bihar,India
Rayagada,Odisha,India
Berhampur,Odisha,India
Satna,Madhya Pradesh,India
Samastipur,Bihar,India
Mandvi,Gujarat,India
Baleshwar,Odisha,India
Karimganj,Assam,India
Kaluk,Sikkim,India
Bongaigaon,Assam,India
Keonjhar,Odisha,India
Karkal,Karnataka,India
Veraval,Gujarat,India
Tonk,Rajasthan,India
Falna,Rajasthan,India
Jetpur,Gujarat,India
Jafrabad,Gujarat,India
Sawantwadi,Maharashtra,India
Phulbani,Odisha,India
Hoshangabad,Madhya Pradesh,India
Ambaji,Gujarat,India
Jhalawar,Rajasthan,India
Ambejogai,Maharashtra,India
Thirukkadaiyur,Tamil Nadu,India
Narsinghpur,Madhya Pradesh,India
Panhala,Maharashtra,India
Adoor,Kerala,India
Anantnag,Jammu And Kashmir,India
Haflong,Assam,India
Dahod,Gujarat,India
Shrirampur,Maharashtra,India
Basar,Andhra Pradesh,India
Bankura,West Bengal,India
Junnar,Maharashtra,India
Sidhpur,Gujarat,India
Shajapur,Madhya Pradesh,India
Dongargarh,Chhattisgarh,India
Jawalamukhi,Himachal Pradesh,India
Virpur,Gujarat,India
Along,Arunachal Pradesh,India
Baran,Rajasthan,India
Kollur,Karnataka,India
Damoh,Madhya Pradesh,India
Ramganj,Rajasthan,India
Rampurhp,Himachal Pradesh,India
Nellore,Andhra Pradesh,India
Karimnagar,Andhra Pradesh,India
Shirpur,Maharashtra,India
Pithampur,Madhya Pradesh,India
Cuddalore,Tamil Nadu,India
Daltonganj,Jharkhand,India
Latur,Maharashtra,India
Anuppur,Madhya Pradesh,India
Washim,Maharashtra,India
Bulandshahr,Uttar Pradesh,India
Dharmavaram,Andhra Pradesh,India
Nanded,Maharashtra,India
Banswara,Rajasthan,India
Sirsi,Karnataka,India
Jalore,Rajasthan,India
Golaghat,Assam,India
Phagwara,Punjab,India
Vadnagar,Gujarat,India
Nizamabad,Andhra Pradesh,India
Ulhasnagar,Maharashtra,India
Vizianagaram,Andhra Pradesh,India
Mandya,Karnataka,India
Bidar,Karnataka,India
Kapurthala,Punjab,India
Pinjore,Haryana,India
Bhiwani,Haryana,India
Mokokchung,Nagaland,India
Wardha,Maharashtra,India
Jajpur,Odisha,India
Gundlupet,Karnataka,India
Tarn,Punjab,India
Hansi,Haryana,India
Anklesvar,Gujarat,India
Jejuri,Maharashtra,India
Bakkhali,West Bengal,India
Champawat,Uttarakhand,India
Tawang,Arunachal Pradesh,India
Kavali,Andhra Pradesh,India
Baijnath,Himachal Pradesh,India
Nagaon,Assam,India
Madhubani,Bihar,India
Khatoo,Rajasthan,India
Dhar,Madhya Pradesh,India
Sivakasi,Tamil Nadu,India
Baramati,Maharashtra,India
Shankarpur,West Bengal,India
Vinukonda,Andhra Pradesh,India
Lumding,Assam,India
Parli,Maharashtra,India
Dhenkanal,Odisha,India
Purusottampur,Odisha,India
Bardhaman,West Bengal,India
Shrivardhan,Maharashtra,India
Pilani,Rajasthan,India
Omkareshwar,Madhya Pradesh,India
Bodh,Bihar,India
Bargarh,Odisha,India
Bijapur,Karnataka,India
Sangamner,Maharashtra,India
Hamirpur,Himachal Pradesh,India
Saharsa,Bihar,India
Chitrakoot,Uttar Pradesh,India
Kharagpur,West Bengal,India
Palghar,Maharashtra,India
Dharmapuri,Tamil Nadu,India
Sehore,Madhya Pradesh,India
Bhavani,Tamil Nadu,India
Dirang,Arunachal Pradesh,India
Barog,Himachal Pradesh,India
Mayapur,West Bengal,India
Raichur,Karnataka,India
Barbil,Odisha,India
Lakhimpur,Uttar Pradesh,India
Jawhar,Maharashtra,India
Pakur,Jharkhand,India
Tiruchengode,Tamil Nadu,India
Morvi,Gujarat,India
Kala,Himachal Pradesh,India
Auraiya,Uttar Pradesh,India
Annavaram,Andhra Pradesh,India
Mirzapur,Uttar Pradesh,India
Morena,Madhya Pradesh,India
Dakor,Gujarat,India
Bijnaur,Uttar Pradesh,India
Wai,Maharashtra,India
Vidisha,Madhya Pradesh,India
Tumkur,Karnataka,India
Kannauj,Uttar Pradesh,India
Hardoi,Uttar Pradesh,India
Dungarpur,Rajasthan,India
Alipurduar,West Bengal,India
Mandsaur,Madhya Pradesh,India
Jaunpur,Uttar Pradesh,India
Chilakaluripet,Andhra Pradesh,India
Nowrangpur,Odisha,India
Sasaram,Bihar,India
Barot,Himachal Pradesh,India
Bellary,Karnataka,India
Miryalaguda,Andhra Pradesh,India
Shivpati,Uttar Pradesh,India
Chimur,Maharashtra,India
Sarahan,Himachal Pradesh,India
Rupnagar,Punjab,India
Kankavli,Maharashtra,India
Bapatla,Andhra Pradesh,India
Akbarpur,Uttar Pradesh,India
Kukke Subramanya,Karnataka,India
Gangavathi,Karnataka,India
Hazaribagh,Jharkhand,India
Faridkot,Punjab,India
Shirur,Maharashtra,India
Mughalsarai,Uttar Pradesh,India
Barwani,Madhya Pradesh,India
Akola,Maharashtra,India
Jind,Haryana,India
Maithon,Jharkhand,India
Vijayapura,Karnataka,India
Dhamtari,Chhattisgarh,India
Beed,Maharashtra,India
Gadag,Karnataka,India
Thalassery,Kerala,India
Nalgonda,Telangana,India
Hathras,Uttar Pradesh,India
Amarkantak,Madhya Pradesh,India
Sringeri,Karnataka,India
Itarsi,Madhya Pradesh,India
Ghazipur,Uttar Pradesh,India
Padrauna,Uttar Pradesh,India
Godhra,Gujarat,India
Banka,Bihar,India
Thoothukkudi,Tamil Nadu,India
Yadgir,Karnataka,India
Barnala,Punjab,India
Dindi,Andhra Pradesh,India
Bhimavaram,Andhra Pradesh,India
Haveri,Karnataka,India
Mayurbhanj,Odisha,India
Azamgarh,Uttar Pradesh,India
Dooars,West Bengal,India
Mansa,Punjab,India
Kushinagar,Uttar Pradesh,India
Sakoli,Maharashtra,India
Pench,Madhya Pradesh,India
Sagwara,Rajasthan,India
Nandyal,Andhra Pradesh,India
Maihar,Madhya Pradesh,India
Jagdalpur,Chhattisgarh,India
Kadapa,Andhra Pradesh,India
Upleta,Gujarat,India
Keylong,Himachal Pradesh,India
Imphal,Manipur,India
Chitrasani,Gujarat,India
Chindi,Himachal Pradesh,India
Renukaji,Himachal Pradesh,India
Rewalsar,Himachal Pradesh,India
Jogindernagar,Himachal Pradesh,India
Talcher,Odisha,India
Bomdila,Arunachal Pradesh,India
Patan,Gujarat,India
Daringbadi,Odisha,India
Sanawad,Madhya Pradesh,India
Mancherial,Telangana,India
Murudeshwar,Karnataka,India
Chamarajanagar,Karnataka,India
Sahibganj,Jharkhand,India
Batala,Punjab,India
Nubra,Jammu And Kashmir,India
Adilabad,Andhra Pradesh,India
Adoni,Andhra Pradesh,India
Ranipool,Sikkim,India
Kumily,Kerala,India
Silchar,Assam,India
Gonda,Uttar Pradesh,India
Naldehra,Himachal Pradesh,India
Badrinathpuri,Uttarakhand,India
Kendrapara,Odisha,India
Manchar,Maharashtra,India
Sangole,Maharashtra,India
Delawadi,Madhya Pradesh,India
Kabini,Karnataka,India
Khambhaliya,Gujarat,India
Kanker,Chhattisgarh,India
Kashid,Maharashtra,India
Ghatshila,Jharkhand,India
Velaneshwar,Maharashtra,India
Muktsar,Punjab,India
Tenkasi,Tamil Nadu,India
Mahasamund,Chhattisgarh,India
Arani,Tamil Nadu,India
Ponnamaravathi,Tamil Nadu,India
Karaikal,Pondicherry,India
Roha,Maharashtra,India
Chengannur,Kerala,India
Konark,Odisha,India
Gangotri,Uttarakhand,India
Tajpur,West Bengal,India
Narasannapeta,Andhra Pradesh,India
Yuksom,Sikkim,India
Shravasti,Uttar Pradesh,India
Kattappana,Kerala,India
Kelwa,Maharashtra,India
Chikhaldara,Maharashtra,India
Mandav,Madhya Pradesh,India
Aritar,Sikkim,India
Sundarbans,West Bengal,India
Uttara,Karnataka,India
Mudigere,Karnataka,India
Khodala,Maharashtra,India
Gajraula,Uttar Pradesh,India
Malappuram,Kerala,India
Mungeli,Chhattisgarh,India
Navsari,Gujarat,India
Kolar,Karnataka,India
Mangan,Sikkim,India
Tadepallegudem,Andhra Pradesh,India
Virudhunagar,Tamil Nadu,India
Jorethang,Sikkim,India
Miao,Arunachal Pradesh,India
Nabadwip,West Bengal,India
Rajpipla,Gujarat,India
Garh,Himachal Pradesh,India
Dhamnod,Madhya Pradesh,India
Tijara,Rajasthan,India
Turkapally,Telangana,India
Mehsana,Gujarat,India
Rangpo,Sikkim,India
Sivaganga,Tamil Nadu,India
Srikakulam,Andhra Pradesh,India
Devgad,Maharashtra,India
Kewzing,Sikkim,India
North,Assam,India
Gondal,Gujarat,India
Chirala,Andhra Pradesh,India
Pangong,Jammu And Kashmir,India
Mantralayam,Andhra Pradesh,India
Amroha,Uttar Pradesh,India
Koppal,Karnataka,India
Hosanagara,Karnataka,India
Mahendragarh,Haryana,India
Pandharpur,Maharashtra,India
Barpeta,Assam,India
Diglipur,Andaman And Nicobar Islands,India
Arrah,Bihar,India
Khajjiar,Himachal Pradesh,India
Barh,Bihar,India
Sardarshahar,Rajasthan,India
Sathyamangalam,Tamil Nadu,India
Deori,Maharashtra,India
Pantnagar,Uttarakhand,India
Dohrighat,Uttar Pradesh,India
Madanapalle,Andhra Pradesh,India
Mainpuri,Uttar Pradesh,India
Buxar,Bihar,India
Karauli,Rajasthan,India
Raisen,Madhya Pradesh,India
Yamunotri,Uttarakhand,India
Marayoor,Kerala,India
Ariyalur,Tamil Nadu,India
Proddatur,Andhra Pradesh,India
Mahbubnagar,Andhra Pradesh,India
Nimbahera,Rajasthan,India
Palacole,Andhra Pradesh,India
Naukuchiatal,Uttarakhand,India
Anakapalle,Andhra Pradesh,India
Satjelia,West Bengal,India
Cherrapunjee,Meghalaya,India
Tarapur,Maharashtra,India
Mehandipur,Rajasthan,India
Kolad,Maharashtra,India
Markapur,Andhra Pradesh,India
Malshej Ghat,Maharashtra,India
Hazaribag,Jharkhand,India
Dzongu,Sikkim,India
Badrinath,Uttarakhand,India
Visnagar,Gujarat,India
Thiruvallur,Tamil Nadu,India
Tiruchendur,Tamil Nadu,India
Raebareli,Uttar Pradesh,India
Madhuban,Jharkhand,India
Modinagar,Uttar Pradesh,India
Deoband,Uttar Pradesh,India
Kundapura,Karnataka,India
Amadob,Chhattisgarh,India
Mettupalayam,Tamil Nadu,India
Kovvur,Andhra Pradesh,India
Shahtalai,Himachal Pradesh,India
Nagarhole,Karnataka,India
Thirunallar,Pondicherry,India
Bhabua,Bihar,India
Champaner,Gujarat,India
Chanderi,Madhya Pradesh,India
Kothagudem,Telangana,India
Kedarnath,Uttarakhand,India
Garhmukteshwar,Uttar Pradesh,India
Vicarabad,Telangana,India
Nokha,Rajasthan,India
Balugaon,Odisha,India
Thaneek,Himachal Pradesh,India
Dinapur,Bihar,India
Rikkisum,West Bengal,India
Mhowgaon,Madhya Pradesh,India
Umbergaon,Gujarat,India
Karsog,Himachal Pradesh,India
Dayapur,West Bengal,India
Ramanagaram,Karnataka,India
Machilipatnam,Andhra Pradesh,India
Pakyong,Sikkim,India
Devala,Tamil Nadu,India
Sattal,Uttarakhand,India
Marigaon,Assam,India
Mhow,Madhya Pradesh,India
Kurseong,West Bengal,India
Ramnagaruk,Uttarakhand,India
Nawada,Bihar,India
Sabar,Gujarat,India
Koraput,Odisha,India
Pasighat,Arunachal Pradesh,India
Manohar,Rajasthan,India
Kyelang,Himachal Pradesh,India
Kharapathar,Himachal Pradesh,India
Sitarganj,Uttarakhand,India
Sheopur,Madhya Pradesh,India
Kotma,Madhya Pradesh,India
Pandaveswar,West Bengal,India
Kanhangad,Kerala,India
Bazpur,Uttarakhand,India
Yanam,Pondicherry,India
Barnawapara,Chhattisgarh,India
Medak,Andhra Pradesh,India
Karbi,Assam,India
Sirpur,Chhattisgarh,India
Hajipur,Bihar,India
Sabarkantha,Gujarat,India
Godda,Jharkhand,India
Rajnandangaon,Chhattisgarh,India
Harda,Madhya Pradesh,India
Jageshwar,Uttarakhand,India
Gumla,Jharkhand,India
Mahuva,Gujarat,India
Bharwain,Himachal Pradesh,India
Padamchen,Sikkim,India
Bhuntar,Himachal Pradesh,India
Kichha,Uttarakhand,India
Osian,Rajasthan,India
Mangaon,Maharashtra,India
Diamond Harbour,West Bengal,India
Paonta Sahib,Himachal Pradesh,India
Kochi,Kerala,India
Mavelikara,Kerala,India
Sirmour,Himachal Pradesh,India
Tanjore,Tamil Nadu,India
Swamimalai,Tamil Nadu,India
Tadoba,Maharashtra,India
Nakhatrana,Gujarat,India
Ottapalam,Kerala,India
Ranthambore,Rajasthan,India
Sri Muktsar Sahib,Punjab,India
Meghamalai,Tamil Nadu,India
Theog,Himachal Pradesh,India
